,Type,Color
0,buraco,0.48
1,buraco,0.4725
2,buraco,0.39
3,buraco,0.435
4,buraco,0.3625
5,buraco,0.3675
6,buraco,0.4825
7,buraco,0.475
8,buraco,0.515
9,buraco,0.4975
10,buraco,0.5575
11,buraco,0.54
12,buraco,0.46
13,buraco,0.48
14,buraco,0.4475
15,buraco,0.455
16,buraco,0.3275
17,buraco,0.4325
18,buraco,0.4025
19,buraco,0.4575
20,buraco,0.4125
21,buraco,0.41
22,buraco,0.4225
23,buraco,0.4825
24,buraco,0.53
25,buraco,0.49
26,buraco,0.38
27,buraco,0.405
28,buraco,0.4125
29,buraco,0.41
30,buraco,0.51
31,buraco,0.525
32,buraco,0.44
33,buraco,0.435
34,buraco,0.5125
35,buraco,0.39
36,buraco,0.565
37,buraco,0.5075
38,buraco,0.485
39,buraco,0.4825
40,buraco,0.3625
41,buraco,0.375
42,buraco,0.355
43,buraco,0.4075
44,buraco,0.405
45,buraco,0.465
46,buraco,0.4575
47,buraco,0.4725
48,buraco,0.4825
49,buraco,0.4375
50,buraco,0.33
51,buraco,0.5625
52,buraco,0.33
53,buraco,0.3675
54,buraco,0.41
55,buraco,0.5
56,buraco,0.53
57,buraco,0.4875
58,buraco,0.47
59,buraco,0.54
60,buraco,0.5175
61,buraco,0.48
62,buraco,0.48
63,buraco,0.5525
64,buraco,0.3875
65,buraco,0.4575
66,buraco,0.3975
67,buraco,0.3575
68,buraco,0.4975
69,buraco,0.4
70,buraco,0.465
71,buraco,0.515
72,buraco,0.5475
73,buraco,0.54
74,buraco,0.4675
75,buraco,0.3825
76,buraco,0.4725
77,buraco,0.505
78,buraco,0.51
79,buraco,0.5475
80,buraco,0.4475
81,buraco,0.505
82,buraco,0.51
83,buraco,0.5025
84,buraco,0.4725
85,buraco,0.465
86,buraco,0.6425
87,buraco,0.4275
88,buraco,0.3775
89,buraco,0.4475
90,buraco,0.41
91,buraco,0.49
92,buraco,0.56
93,buraco,0.4225
94,buraco,0.425
95,buraco,0.405
96,buraco,0.3525
97,buraco,0.4675
98,buraco,0.525
99,buraco,0.5375
100,buraco,0.4125
101,buraco,0.4775
102,buraco,0.45
103,buraco,0.435
104,buraco,0.5
105,buraco,0.4275
106,buraco,0.43
107,buraco,0.3825
108,buraco,0.295
109,buraco,0.5075
110,buraco,0.565
111,buraco,0.4575
112,buraco,0.425
113,buraco,0.3975
114,buraco,0.5125
115,buraco,0.5
116,buraco,0.4
117,buraco,0.3475
118,buraco,0.385
119,buraco,0.45
120,buraco,0.3125
121,buraco,0.33
122,buraco,0.485
123,buraco,0.39
124,buraco,0.365
125,buraco,0.43
126,buraco,0.46
127,buraco,0.5275
128,buraco,0.5675
129,buraco,0.47
130,buraco,0.4825
131,buraco,0.6025
132,buraco,0.53
133,buraco,0.6025
134,buraco,0.44
135,buraco,0.4575
136,buraco,0.3675
137,buraco,0.4875
138,buraco,0.395
139,buraco,0.4825
140,buraco,0.3675
141,buraco,0.3875
142,buraco,0.445
143,buraco,0.495
144,buraco,0.465
145,buraco,0.425
146,buraco,0.4975
147,buraco,0.525
148,buraco,0.4025
149,buraco,0.34
150,buraco,0.4575
151,buraco,0.37
152,buraco,0.575
153,buraco,0.3925
154,buraco,0.4575
155,buraco,0.355
156,buraco,0.34
157,buraco,0.3125
158,buraco,0.37
159,buraco,0.4875
160,buraco,0.4875
161,buraco,0.4875
162,buraco,0.5375
163,buraco,0.5375
164,buraco,0.455
165,buraco,0.5725
166,buraco,0.405
167,buraco,0.5375
168,buraco,0.53
169,buraco,0.3925
170,buraco,0.36
171,buraco,0.5
172,buraco,0.57
173,buraco,0.505
174,buraco,0.5225
175,buraco,0.4875
176,buraco,0.4475
177,buraco,0.57
178,buraco,0.535
179,buraco,0.385
0,grao,0.5
1,grao,0.6275
2,grao,0.49
3,grao,0.5425
4,grao,0.4325
5,grao,0.4625
6,grao,0.4475
7,grao,0.6575
8,grao,0.5325
9,grao,0.4125
10,grao,0.5
11,grao,0.46
12,grao,0.63
13,grao,0.4325
14,grao,0.505
15,grao,0.4425
16,grao,0.4425
17,grao,0.485
18,grao,0.5
19,grao,0.5125
20,grao,0.53
21,grao,0.5775
22,grao,0.4675
23,grao,0.4675
24,grao,0.5
25,grao,0.51
26,grao,0.53
27,grao,0.485
28,grao,0.4775
29,grao,0.5275
30,grao,0.3775
31,grao,0.5275
32,grao,0.5475
33,grao,0.5325
34,grao,0.58
35,grao,0.4275
36,grao,0.41
37,grao,0.5175
38,grao,0.5225
39,grao,0.44
40,grao,0.585
41,grao,0.5325
42,grao,0.57
43,grao,0.4775
44,grao,0.4425
45,grao,0.4025
46,grao,0.45
47,grao,0.4625
48,grao,0.615
49,grao,0.5575
50,grao,0.41
51,grao,0.5125
52,grao,0.4975
53,grao,0.5575
54,grao,0.405
55,grao,0.6125
56,grao,0.5575
57,grao,0.5075
58,grao,0.4025
59,grao,0.4875
60,grao,0.5125
61,grao,0.5225
62,grao,0.4425
63,grao,0.495
64,grao,0.5625
65,grao,0.48
66,grao,0.475
67,grao,0.4625
68,grao,0.485
69,grao,0.39
70,grao,0.4675
71,grao,0.4825
72,grao,0.47
73,grao,0.44
74,grao,0.4675
75,grao,0.575
76,grao,0.4275
77,grao,0.4925
78,grao,0.4575
79,grao,0.43
80,grao,0.535
81,grao,0.4125
82,grao,0.5775
83,grao,0.4175
84,grao,0.3875
85,grao,0.4425
86,grao,0.505
87,grao,0.4475
88,grao,0.43
89,grao,0.4175
90,grao,0.4475
91,grao,0.5525
92,grao,0.485
93,grao,0.3825
94,grao,0.455
95,grao,0.4275
96,grao,0.5125
97,grao,0.47
98,grao,0.48
99,grao,0.3925
100,grao,0.6425
101,grao,0.515
102,grao,0.6
103,grao,0.5075
104,grao,0.5325
105,grao,0.465
106,grao,0.5275
107,grao,0.49
108,grao,0.6075
109,grao,0.405
110,grao,0.495
111,grao,0.405
112,grao,0.4975
113,grao,0.52
114,grao,0.4975
115,grao,0.5225
116,grao,0.54
117,grao,0.4675
118,grao,0.3975
119,grao,0.4175
120,grao,0.5825
121,grao,0.61
122,grao,0.625
123,grao,0.56
124,grao,0.5075
125,grao,0.3675
126,grao,0.485
127,grao,0.3825
128,grao,0.4975
129,grao,0.5175
130,grao,0.6175
131,grao,0.5025
132,grao,0.4825
133,grao,0.6225
134,grao,0.4525
135,grao,0.5125
136,grao,0.46
137,grao,0.5
138,grao,0.5775
139,grao,0.5225
140,grao,0.515
141,grao,0.6175
142,grao,0.55
143,grao,0.63
144,grao,0.5375
145,grao,0.6425
146,grao,0.6075
147,grao,0.5625
148,grao,0.54
149,grao,0.55
150,grao,0.5625
151,grao,0.6575
152,grao,0.67
153,grao,0.555
154,grao,0.5375
155,grao,0.585
156,grao,0.5725
157,grao,0.62
158,grao,0.48
159,grao,0.585
160,grao,0.5025
161,grao,0.5925
162,grao,0.57
163,grao,0.5775
164,grao,0.6525
165,grao,0.5775
166,grao,0.6425
167,grao,0.6375
168,grao,0.56
169,grao,0.6275
170,grao,0.6175
171,grao,0.6125
172,grao,0.6375
173,grao,0.63
174,grao,0.4775
175,grao,0.495
176,grao,0.62
177,grao,0.5
178,grao,0.6075
179,grao,0.6
0,indef,0.5325
1,indef,0.39
2,indef,0.5175
3,indef,0.48
4,indef,0.5625
5,indef,0.4675
6,indef,0.44
7,indef,0.54
8,indef,0.465
9,indef,0.4975
10,indef,0.5575
11,indef,0.4875
12,indef,0.43
13,indef,0.5625
14,indef,0.4475
15,indef,0.4625
16,indef,0.395
17,indef,0.515
18,indef,0.4925
19,indef,0.4725
20,indef,0.495
21,indef,0.5525
22,indef,0.48
23,indef,0.5275
24,indef,0.4325
25,indef,0.4575
26,indef,0.5475
27,indef,0.56
28,indef,0.535
29,indef,0.5
30,indef,0.4375
31,indef,0.395
32,indef,0.535
33,indef,0.555
34,indef,0.4825
35,indef,0.4325
36,indef,0.4625
37,indef,0.4525
38,indef,0.495
39,indef,0.4925
40,indef,0.4675
41,indef,0.4175
42,indef,0.45
43,indef,0.4525
44,indef,0.4625
45,indef,0.525
46,indef,0.4625
47,indef,0.525
48,indef,0.455
49,indef,0.3875
50,indef,0.4825
51,indef,0.4575
52,indef,0.43
53,indef,0.39
54,indef,0.45
55,indef,0.41
56,indef,0.435
57,indef,0.505
58,indef,0.5325
59,indef,0.46
60,indef,0.5325
61,indef,0.535
62,indef,0.4575
63,indef,0.475
64,indef,0.5075
65,indef,0.4475
66,indef,0.4625
67,indef,0.4775
68,indef,0.5025
69,indef,0.4575
70,indef,0.5325
71,indef,0.495
72,indef,0.445
73,indef,0.46
74,indef,0.545
75,indef,0.5425
76,indef,0.5975
77,indef,0.495
78,indef,0.46
79,indef,0.52
80,indef,0.4525
81,indef,0.4825
82,indef,0.5025
83,indef,0.475
84,indef,0.345
85,indef,0.3925
86,indef,0.4925
87,indef,0.4875
88,indef,0.43
89,indef,0.355
90,indef,0.485
91,indef,0.5925
92,indef,0.5175
93,indef,0.3375
94,indef,0.3225
95,indef,0.4025
96,indef,0.555
97,indef,0.4525
98,indef,0.36
99,indef,0.4425
100,indef,0.4675
101,indef,0.4625
102,indef,0.485
103,indef,0.465
104,indef,0.4525
105,indef,0.505
106,indef,0.4475
107,indef,0.525
108,indef,0.4675
109,indef,0.52
110,indef,0.5225
111,indef,0.5
112,indef,0.4775
113,indef,0.4925
114,indef,0.515
115,indef,0.495
116,indef,0.49
117,indef,0.5525
118,indef,0.46
119,indef,0.445
120,indef,0.3225
121,indef,0.52
122,indef,0.545
123,indef,0.3375
124,indef,0.39
125,indef,0.5325
126,indef,0.5075
127,indef,0.5425
128,indef,0.53
129,indef,0.45
130,indef,0.6125
131,indef,0.48
132,indef,0.515
133,indef,0.5325
134,indef,0.4825
135,indef,0.3875
136,indef,0.5475
137,indef,0.4875
138,indef,0.5425
139,indef,0.5
140,indef,0.505
141,indef,0.52
142,indef,0.5975
143,indef,0.545
144,indef,0.5375
145,indef,0.4925
146,indef,0.545
147,indef,0.595
148,indef,0.615
149,indef,0.5925
150,indef,0.545
151,indef,0.715
152,indef,0.49
153,indef,0.5
154,indef,0.5375
155,indef,0.535
156,indef,0.635
157,indef,0.5975
158,indef,0.525
159,indef,0.5175
160,indef,0.5125
161,indef,0.5175
162,indef,0.405
163,indef,0.4575
164,indef,0.5
165,indef,0.4425
166,indef,0.55
167,indef,0.6175
168,indef,0.525
169,indef,0.5475
170,indef,0.565
171,indef,0.495
172,indef,0.5075
173,indef,0.4625
174,indef,0.5775
175,indef,0.53
176,indef,0.44
177,indef,0.51
178,indef,0.5225
179,indef,0.5325
